4482434496, John, create, 50000, 1
4482434496, John, create, 50000, 2
4460753072, Max, create, 50000, 2
4482434496, John, create, 50000, 3
4460753072, Max, create, 50000, 3
4482436656, Anton, create, 50000, 3
4480338928, John, create, 50000, 1
4480338928, John, create, 50000, 2
4458655920, Max, create, 50000, 2
4480338928, John, create, 50000, 3
4458655920, Max, create, 50000, 3
4480339984, Anton, create, 50000, 3
4552544752, John, create, 50000, 1
4552544752, John, create, 50000, 2
4531832640, Max, create, 50000, 2
4552544752, John, create, 50000, 3
4531832640, Max, create, 50000, 3
4552545040, Anton, create, 50000, 3
4474599280, John, create, 50000, 1
4474599280, John, create, 50000, 2
4474599472, Max, create, 50000, 2
4474599280, John, create, 50000, 3
4474599472, Max, create, 50000, 3
4474671408, Anton, create, 50000, 3
4441045280, John, create, 50000, 1
4441045280, John, create, 50000, 2
4441045376, Max, create, 50000, 2
4441045280, John, create, 50000, 3
4441045376, Max, create, 50000, 3
4441117168, Anton, create, 50000, 3
